[
  {
    "name": "齐秦",
    "area": "港台",
    "song": "不让我的眼泪陪我过夜",
    "rank": 1
  },
  {
    "name": "周杰伦",
    "area": "港台",
    "song": "爱在西元前",
    "rank": 2
  },
  {
    "name": "梁静茹",
    "area": "马来西亚",
    "song": "宁夏",
    "rank": 3
  },
  {
    "name": "刘惜君",
    "area": "大陆",
    "song": "恋风恋歌",
    "rank": 4
  },
  {
    "name": "刘瑞琪",
    "area": "大陆",
    "song": "头号粉丝",
    "rank": 5
  },
  {
    "name": "莫文蔚",
    "area": "港台",
    "song": "阴天",
    "rank": 6
  }
]